,ka,source_level,call_directions
0,5,100,1.3089969389957472
1,4,96,0.5235987755982989
2,3,90,-0.8726646259971647
3,2,84,-1.2217304763960306
4,1,84,-1.9198621771937625
